INSERT INTO Customers (customer_id, name, address, email, phone, last_modified) VALUES
(1, 'Alice Johnson', '123 Maple St', 'alice.johnson@example.com', '9876543210', GETDATE()),
(2, 'Bob Smith', '456 Oak Ave', 'bob.smith@example.com', '9876543211', GETDATE()),
(3, 'Charlie Davis', '789 Pine Rd', 'charlie.davis@example.com', '9876543212', GETDATE()),
(4, 'Diana Moore', '321 Elm St', 'diana.moore@example.com', '9876543213', GETDATE()),
(5, 'Edward White', '654 Cedar Ln', 'edward.white@example.com', '9876543214', GETDATE()),
(6, 'Fiona Brown', '987 Birch Blvd', 'fiona.brown@example.com', '9876543215', GETDATE()),
(7, 'George Black', '159 Willow Way', 'george.black@example.com', '9876543216', GETDATE()),
(8, 'Hannah Lee', '753 Chestnut Ct', 'hannah.lee@example.com', '9876543217', GETDATE()),
(9, 'Ivan Clark', '852 Spruce Cir', 'ivan.clark@example.com', '9876543218', GETDATE()),
(10, 'Jane King', '951 Redwood Dr', 'jane.king@example.com', '9876543219', GETDATE()),
(11, 'Karl Bell', '147 Palm Pkwy', 'karl.bell@example.com', '9876543220', GETDATE()),
(12, 'Linda Green', '258 Magnolia Ave', 'linda.green@example.com', '9876543221', GETDATE()),
(13, 'Mark Adams', '369 Poplar St', 'mark.adams@example.com', '9876543222', GETDATE()),
(14, 'Nina Scott', '741 Aspen Ln', 'nina.scott@example.com', '9876543223', GETDATE()),
(15, 'Oscar Hall', '852 Hickory Dr', 'oscar.hall@example.com', '9876543224', GETDATE()),
(16, 'Paula Reed', '963 Walnut Blvd', 'paula.reed@example.com', '9876543225', GETDATE()),
(17, 'Quinn Hughes', '159 Cypress Rd', 'quinn.hughes@example.com', '9876543226', GETDATE()),
(18, 'Rita Lopez', '753 Fir Cir', 'rita.lopez@example.com', '9876543227', GETDATE()),
(19, 'Sam Murphy', '951 Sequoia Way', 'sam.murphy@example.com', '9876543228', GETDATE()),
(20, 'Tina Rivera', '357 Elm Dr', 'tina.rivera@example.com', '9876543229', GETDATE());

INSERT INTO Products (product_id, name, description, price, category, last_modified) VALUES
(1, 'Laptop A', '14 inch laptop with 8GB RAM', 599.99, 'Electronics', GETDATE()),
(2, 'Smartphone X', '5G capable smartphone', 799.99, 'Electronics', GETDATE()),
(3, 'Headphones Z', 'Wireless noise-cancelling headphones', 199.99, 'Electronics', GETDATE()),
(4, 'TV 40"', '40 inch LED TV', 299.99, 'Electronics', GETDATE()),
(5, 'Monitor HD', '24 inch HD monitor', 149.99, 'Electronics', GETDATE()),
(6, 'Keyboard Pro', 'Mechanical keyboard', 89.99, 'Accessories', GETDATE()),
(7, 'Mouse Max', 'Ergonomic wireless mouse', 49.99, 'Accessories', GETDATE()),
(8, 'Speaker Boom', 'Bluetooth speaker', 99.99, 'Accessories', GETDATE()),
(9, 'Router AC', 'WiFi router dual-band', 129.99, 'Networking', GETDATE()),
(10, 'Tablet S', '10-inch Android tablet', 399.99, 'Electronics', GETDATE()),
(11, 'Printer Jet', 'Color inkjet printer', 199.99, 'Office', GETDATE()),
(12, 'Camera FX', 'DSLR camera 18MP', 699.99, 'Electronics', GETDATE()),
(13, 'SSD 500GB', 'Solid State Drive', 119.99, 'Storage', GETDATE()),
(14, 'HDD 1TB', 'External Hard Drive', 89.99, 'Storage', GETDATE()),
(15, 'Flash Drive', '64GB USB 3.0', 19.99, 'Storage', GETDATE()),
(16, 'Chair Ergonomic', 'Office chair with lumbar support', 149.99, 'Furniture', GETDATE()),
(17, 'Desk Pro', 'Standing desk', 299.99, 'Furniture', GETDATE()),
(18, 'Webcam HD', '1080p USB webcam', 59.99, 'Accessories', GETDATE()),
(19, 'Mic Studio', 'USB condenser microphone', 129.99, 'Accessories', GETDATE()),
(20, 'Smartwatch Fit', 'Fitness smartwatch with GPS', 199.99, 'Wearables', GETDATE());

INSERT INTO Orders (order_id, customer_id, product_id, quantity, order_date, total_amount, last_modified) VALUES
(1, 1, 1, 1, '2024-06-01', 599.99, GETDATE()),
(2, 2, 2, 2, '2024-06-02', 1599.98, GETDATE()),
(3, 3, 3, 1, '2024-06-03', 199.99, GETDATE()),
(4, 4, 4, 1, '2024-06-04', 299.99, GETDATE()),
(5, 5, 5, 2, '2024-06-05', 299.98, GETDATE()),
(6, 6, 6, 1, '2024-06-06', 89.99, GETDATE()),
(7, 7, 7, 3, '2024-06-07', 149.97, GETDATE()),
(8, 8, 8, 2, '2024-06-08', 199.98, GETDATE()),
(9, 9, 9, 1, '2024-06-09', 129.99, GETDATE()),
(10, 10, 10, 1, '2024-06-10', 399.99, GETDATE()),
(11, 11, 11, 1, '2024-06-11', 199.99, GETDATE()),
(12, 12, 12, 1, '2024-06-12', 699.99, GETDATE()),
(13, 13, 13, 2, '2024-06-13', 239.98, GETDATE()),
(14, 14, 14, 1, '2024-06-14', 89.99, GETDATE()),
(15, 15, 15, 4, '2024-06-15', 79.96, GETDATE()),
(16, 16, 16, 1, '2024-06-16', 149.99, GETDATE()),
(17, 17, 17, 1, '2024-06-17', 299.99, GETDATE()),
(18, 18, 18, 1, '2024-06-18', 59.99, GETDATE()),
(19, 19, 19, 1, '2024-06-19', 129.99, GETDATE()),
(20, 20, 20, 1, '2024-06-20', 199.99, GETDATE());

INSERT INTO Inventory (inventory_id, product_id, quantity, location, last_modified) VALUES
(1, 1, 50, 'Warehouse A', GETDATE()),
(2, 2, 30, 'Warehouse B', GETDATE()),
(3, 3, 75, 'Warehouse A', GETDATE()),
(4, 4, 20, 'Warehouse C', GETDATE()),
(5, 5, 40, 'Warehouse A', GETDATE()),
(6, 6, 90, 'Warehouse B', GETDATE()),
(7, 7, 60, 'Warehouse A', GETDATE()),
(8, 8, 100, 'Warehouse C', GETDATE()),
(9, 9, 25, 'Warehouse A', GETDATE()),
(10, 10, 15, 'Warehouse B', GETDATE()),
(11, 11, 45, 'Warehouse C', GETDATE()),
(12, 12, 35, 'Warehouse A', GETDATE()),
(13, 13, 120, 'Warehouse B', GETDATE()),
(14, 14, 85, 'Warehouse C', GETDATE()),
(15, 15, 200, 'Warehouse A', GETDATE()),
(16, 16, 30, 'Warehouse B', GETDATE()),
(17, 17, 10, 'Warehouse C', GETDATE()),
(18, 18, 55, 'Warehouse A', GETDATE()),
(19, 19, 60, 'Warehouse B', GETDATE()),
(20, 20, 25, 'Warehouse C', GETDATE());
